cve,library,class,method,line
CVE-2018-1324,Commons Compress 1.15,org.apache.commons.compress.archivers.zip.X0017_StrongEncryptionHeader,parseCentralDirectoryFormat([BII)V,313
CVE-2011-1582,Tomcat 7.0.12,org.apache.catalina.core.StandardWrapper,servletSecurityAnnotationScan()V,1139
CVE-2014-9970,Jasypt 1.9.1,org.jasypt.digest.StandardByteDigester,matches([B[B)Z,1102
CVE-2018-1000067,Jenkins 2.89.3,hudson.ProxyConfiguration$DescriptorImpl,doValidateProxy(Ljava/lang/String;Ljava/lang/String;ILjava/lang/String;Ljava/lang/String;Ljava/lang/String;)Lhudson/util/FormValidation;,344
CVE-2017-1000390,Tikal Multijob Plugin 1.26,com.tikal.jenkins.plugins.multijob.MultiJobResumeBuild,getTarget()Ljava/lang/Object;,78
CVE-2016-3092,Commons Fileupload 1.3.1,org.apache.commons.fileupload.MultipartStream,<init>(Ljava/io/InputStream;[BILorg/apache/commons/fileupload/MultipartStream$ProgressNotifier;)V,329
CVE-2011-1498,HttpComponents Client 4.1,org.apache.http.client.protocol.RequestProxyAuthentication,process(Lorg/apache/http/HttpRequest;Lorg/apache/http/protocol/HttpContext;)V,78
ZEPPELIN-2769,Zeppelin 0.6.0,org.apache.zeppelin.rest.GetUserList,getUserList(Lorg/apache/shiro/realm/jdbc/JdbcRealm;)Ljava/util/List;,130
CVE-2018-17194,Nifi 1.7.1,org.apache.nifi.cluster.coordination.http.replication.okhttp.OkHttpReplicationClient,prepareRequest(Ljava/lang/String;Ljava/util/Map;Ljava/lang/Object;)Lorg/apache/nifi/cluster/coordination/http/replication/PreparedRequest;,97
CVE-2018-8718,Mailer Plugin 1.20,hudson.tasks.Mailer$DescriptorImpl,doSendTestMail(Ljava/lang/String;Ljava/lang/String;ZLjava/lang/String;Lhudson/util/Secret;ZLjava/lang/String;Ljava/lang/String;Ljava/lang/String;)Lhudson/util/FormValidation;,566
PRIMEFACES-1194,Primefaces 6.1,org.primefaces.application.DialogNavigationHandler,handleNavigation(Ljavax/faces/context/FacesContext;Ljava/lang/String;Ljava/lang/String;)V,86
